word,definition
February,
abandoned,
absolutely,
access,
acknowledge,
actually,
adjusted,
advantage,
affect,
agencies,
agreeable,
alien,
allergic,
amuse,
annual,
answer,
area,
assess,
attachment,
attempt,
attention,
attractive,
auction,
author,
autograph,
awesome,
barely,
beautiful,
behaviours,
benefit,
beware,
bough,
boulder,
boundary,
brake,
break,
breathless,
brethren,
brief,
burglar,
business,
calm,
carriage,
category,
celebration,
certain,
character,
cheques,
chocolate,
circuit,
college,
community,
competition,
complaining,
complete,
concerned,
confidence,
consider,
considerate,
continued,
contraptions,
convince,
coordinator,
corpses,
creature,
crevice,
criminal,
crystal,
curious,
damage,
dangerous,
decided,
decision,
decorate,
defence,
delicious,
demolished,
demonstrate,
depot,
depression,
deprived,
deserts,
designed,
dessert,
detective,
digest,
disappear,
disappointed,
discover,
drawer,
drought,
dye,
easiest,
edible,
educational,
eerie,
effect,
effective,
emerged,
endangered,
energy,
engage,
engine,
enjoyable,
enormous,
ensure,
episode,
especially,
exciting,
exert,
expensive,
experience,
explosion,
extremely,
famous,
favourite,
features,
fellowship,
fete,
fibre,
fiction,
field,
fierce,
formal,
formation,
fractures,
fragile,
frenzied,
frightened,
furniture,
further,
galaxy,
generation,
gesture,
gigantic,
glacier,
global,
gnawed,
goblet,
government,
graphics,
grumble,
guess,
hammock,
haphazard,
haste,
haul,
healthy,
heir,
herd,
hesitated,
hilarious,
history,
hoarse,
honest,
horrified,
hostile,
illegal,
imagination,
imaginative,
implicate,
improvement,
including,
inexpert,
information,
informative,
insane,
insolent,
insurance,
intelligent,
intention,
interesting,
jeopardy,
jettison,
journey,
key,
kidnapped,
kiosk,
knowledge,
language,
league,
library,
lightning,
litany,
literacy,
lullaby,
lunar,
lyrebird,
majestic,
malt,
martial,
matted,
mayor,
measured,
medicine,
medieval,
minerals,
mucus,
muscle,
muscular,
museum,
mysterious,
mystery,
mystic,
myth,
natural,
negligent,
neighbour,
niece,
normality,
notice,
nutrition,
oblige,
observe,
obviously,
occur,
ogre,
omit,
opportunity,
opposition,
optical,
optimist,
option,
organise,
origami,
parallel,
pedestal,
personalities,
pincer,
plait,
pleasure,
prankster,
pray,
precious,
predators,
presence,
prey,
principal,
principle,
professor,
pumpkin,
punctual,
pure,
pursuit,
quaint,
quay,
quench,
query,
queue,
radial,
ravine,
razor,
realistic,
receive,
recent,
recognise,
recommend,
rectangular,
relationships,
relevant,
reliving,
reluctant,
remnant,
remorse,
replenish,
require,
resources,
responsible,
rhyme,
ridiculous,
rogue,
saxophone,
scientific,
seize,
sewage,
sewerage,
shoulder,
shrieked,
signal,
skeleton,
slaughter,
society,
sought,
spectacular,
stammered,
stomach,
submarine,
subsided,
success,
suitable,
summoned,
supervision,
surrounded,
survive,
system,
taffeta,
talons,
tarantula,
taught,
technique,
temperature,
tension,
tentacles,
terrace,
terrible,
terribly,
territory,
uncomfortable,
unexpectedly,
unfortunately,
unique,
unnatural,
upholsterer,
urban,
urgency,
useless,
valuable,
vegetation,
verdant,
vessel,
wary,
wearisome,
weary,
weighed,
weight,
weird,
wholly,
witchery,
women,
wonderful,
wrapped,
wrinkle,
written,
zephyr,
