word,definition
February,the second month of the year
abandoned,left behind and no longer cared for
absolutely,completely or without any doubt
access,the ability to enter or reach something
acknowledge,to accept or admit that something is true
actually,in fact, contrary to what might be expected
adjusted,changed slightly to fit new conditions
advantage,a factor that gives someone a better chance of success
affect,to have an influence on something
agencies,organisations that provide a particular service
agreeable,pleasant or willing to cooperate
alien,strange or unfamiliar, or a being from another planet
allergic,having a bad physical reaction to a particular substance
amuse,to make someone laugh or feel entertained
annual,happening once every year
answer,a reply given to a question
area,a particular part of a place or a measured space
assess,to judge the value or quality of something
attachment,a file joined to an email, or a strong feeling of affection
attempt,an effort made to do something
attention,careful focus or notice given to something
attractive,pleasing to look at or appealing
auction,a public sale where items go to the highest bidder
author,a person who writes a book or other piece of writing
autograph,a famous person's signature written by hand
awesome,causing feelings of great admiration or wonder
barely,only just, almost not
beautiful,very pleasing to the senses
behaviours,the ways a person or animal acts
benefit,an advantage or helpful result gained from something
beware,to be cautious about a possible danger
bough,a large branch of a tree
boulder,a large rock, usually rounded by weathering
boundary,a line that marks the limit of an area
brake,a device used to slow or stop a vehicle
break,to separate into pieces, or a pause from work
breathless,gasping for air or unable to breathe easily
brethren,an old-fashioned term for brothers or fellow members of a group
brief,lasting only a short time
burglar,a person who breaks into a building to steal
business,an organisation that buys and sells goods or services
calm,free from anxiety, excitement or disturbance
carriage,a section of a train, or a horse-drawn vehicle
category,a group of things sharing similar characteristics
celebration,an event held to mark a special occasion
certain,sure or confident about something
character,the qualities that make up a person, or a figure in a story
cheques,printed forms used to order a bank to pay money
chocolate,a sweet food made from roasted cacao beans
circuit,a path that electricity flows around, or a circular route
college,an institution for higher education after secondary school
community,a group of people living in the same area or sharing interests
competition,an event in which people compete against each other
complaining,expressing dissatisfaction or annoyance about something
complete,having all necessary parts, or to finish something
concerned,worried or troubled about something
confidence,a feeling of trust in one's own abilities
consider,to think carefully about something
considerate,thoughtful about the feelings and needs of others
continued,kept going without stopping
contraptions,unusual or complicated devices or machines
convince,to persuade someone that something is true
coordinator,a person who organises the different parts of an activity
corpses,dead bodies
creature,a living being, especially an animal
crevice,a narrow crack or opening, especially in rock
criminal,relating to crime, or a person who commits a crime
crystal,a clear, solid mineral with a regular geometric shape
curious,eager to learn or know about something
damage,harm that reduces the value or usefulness of something
dangerous,likely to cause harm or injury
decided,made a firm choice about something
decision,a choice made after thinking about the options
decorate,to make something look more attractive by adding features
defence,the act of protecting against attack or criticism
delicious,having a very pleasant taste or smell
demolished,destroyed completely, usually a building
demonstrate,to show clearly how something works or is done
depot,a place where vehicles or goods are stored
depression,a state of low mood, or an economic downturn
deprived,prevented from having something needed or wanted
deserts,large, dry areas of land with little rainfall
designed,planned and created for a particular purpose
dessert,a sweet course eaten at the end of a meal
detective,someone who investigates crimes to solve mysteries
digest,to break down food in the stomach and gut
disappear,to vanish or go out of sight
disappointed,feeling let down when something doesn't meet expectations
discover,to find something for the first time
drawer,a sliding storage compartment in a piece of furniture
drought,a long period with little or no rainfall
dye,a substance used to change the colour of something
easiest,requiring the least effort of all
edible,safe and suitable to eat
educational,helping people learn something useful
eerie,strange and frightening in a mysterious way
effect,a result caused by something else
effective,producing the result that was intended
emerged,came out from a hidden or enclosed place
endangered,at risk of dying out completely
energy,the power needed to do work or cause movement
engage,to involve someone's interest or attention
engine,a machine that converts fuel into motion
enjoyable,giving pleasure or satisfaction
enormous,extremely large in size
ensure,to make certain that something happens
episode,a single instalment of a TV or radio series
especially,more than usual or more than others
exciting,causing great enthusiasm or eagerness
exert,to apply effort or force to achieve something
expensive,costing a lot of money
experience,knowledge or skill gained from doing something
explosion,a sudden violent burst, often with a loud noise
extremely,to a very great degree
famous,known widely by many people
favourite,liked more than any other
features,distinctive parts or qualities of something
fellowship,a friendly association between people who share interests
fete,an outdoor event with stalls, games, and entertainment
fibre,a thread-like strand, or roughage found in plant food
fiction,writing about imaginary people and events
field,an open area of land, often used for farming or sport
fierce,showing intense, aggressive energy
formal,following accepted rules and conventions, often for serious occasions
formation,the way something is arranged or shaped
fractures,cracks or breaks, especially in a bone
fragile,easily broken or damaged
frenzied,wild and uncontrolled, done in a hurried panic
frightened,feeling fear or alarm
furniture,movable objects like tables and chairs that fit out a room
further,to a greater degree or distance
galaxy,a huge system of stars, planets, and gas held together by gravity
generation,a group of people born around the same time
gesture,a movement of the body that expresses an idea or feeling
gigantic,extraordinarily large
glacier,a huge, slow-moving mass of ice
global,relating to the whole world
gnawed,bit or chewed persistently on something
goblet,a drinking cup with a stem and base, without a handle
government,the group of people who officially govern a country or state
graphics,visual images or designs, especially on a screen or in print
grumble,to complain in a low, discontented voice
guess,to estimate or suppose something without being certain
hammock,a hanging bed made of fabric or netting slung between two points
haphazard,done without any clear plan or order
haste,excessive speed or urgency of action
haul,to pull or carry something with effort
healthy,in good physical or mental condition
heir,a person legally entitled to inherit property or a title
herd,a large group of animals that live or feed together
hesitated,paused briefly before doing or saying something
hilarious,extremely funny
history,the study of past events
hoarse,having a rough, croaky voice
honest,truthful and sincere
horrified,filled with shock and dismay
hostile,unfriendly and ready for conflict
illegal,against the law
imagination,the ability to form new ideas or pictures in the mind
imaginative,showing creativity and original ideas
implicate,to show that someone is involved in something wrong
improvement,a change that makes something better
including,counting something as part of a larger group
inexpert,lacking skill or experience in something
information,facts or details about something
informative,providing useful facts or knowledge
insane,extremely foolish or mentally unstable
insolent,rude and disrespectful in speech or behaviour
insurance,an agreement where you pay a company so they cover the cost if something goes wrong
intelligent,able to learn, understand, and solve problems well
intention,a plan or purpose behind an action
interesting,holding your attention because it is unusual or enjoyable
jeopardy,a situation of serious danger or risk
jettison,to throw something away or get rid of it, especially to lighten a load
journey,a trip from one place to another, often a long one
key,a metal tool used to lock or unlock something, or something essential
kidnapped,taken away and held against one's will, usually for ransom
kiosk,a small stall or booth used to sell things or give information
knowledge,information and understanding gained through learning or experience
language,a system of words and grammar used by people to communicate
league,a group of sports teams or people joined together for a common purpose
library,a building or room containing books for reading or borrowing
lightning,a sudden bright flash of electricity in the sky during a storm
litany,a long, repetitive list, often of complaints or problems
literacy,the ability to read and write
lullaby,a soft, soothing song sung to help a baby fall asleep
lunar,relating to the moon
lyrebird,an Australian bird famous for imitating other sounds it hears
majestic,impressively beautiful, grand, or dignified
malt,grain, usually barley, that has been soaked and dried for use in brewing or food
martial,relating to war or fighting, especially organised combat
matted,tangled together into a thick, messy clump
mayor,the person elected to lead a town or city's government
measured,found the size, length, or amount of something, or done in a careful, controlled way
medicine,a substance used to treat illness or relieve pain
medieval,relating to the period of history between about 500 and 1500 CE
minerals,natural, non-living substances found in rocks or soil, some of which our bodies need
mucus,a slimy substance produced inside the nose and throat to trap dust and germs
muscle,a body tissue that contracts to produce movement or strength
muscular,having well-developed, strong muscles
museum,a building where interesting or historical objects are displayed for people to view
mysterious,difficult to explain or understand, and often intriguing
mystery,something that is puzzling or cannot easily be explained
mystic,having a spiritual or magical quality that is hard to explain
myth,a traditional story, often explaining natural events, or a widely believed but false idea
natural,existing in nature rather than being made by people
negligent,failing to take proper care, resulting in carelessness or harm
neighbour,a person who lives near or next to you
niece,the daughter of one's brother or sister
normality,the state of being usual, ordinary, or expected
notice,a written announcement, or to become aware of something
nutrition,the process of getting the food needed for health and growth
oblige,to make someone do something, or to do a favour for someone
observe,to watch carefully and notice details
obviously,in a way that is clear and easy to see or understand
occur,to happen or take place
ogre,a frightening giant or monster in fairy tales, often cruel
omit,to leave something out or not include it
opportunity,a chance to do something worthwhile
opposition,resistance or disagreement against a plan, or a rival group
optical,relating to the eyes or the sense of sight
optimist,a person who tends to expect good things will happen
option,a choice between two or more possibilities
organise,to arrange things in a planned, orderly way
origami,the Japanese art of folding paper into decorative shapes
parallel,lines or things running side by side and always the same distance apart
pedestal,a base or stand that a statue or column rests on
personalities,the different characters or qualities that make people who they are
pincer,a claw-like gripping part, such as on a crab or lobster
plait,hair or strands woven together in an over-under pattern
pleasure,a feeling of happiness or enjoyment
prankster,a person who enjoys playing tricks or jokes on others
pray,to speak to a god or higher power, often asking for help or giving thanks
precious,highly valued because it is rare, loved, or important
predators,animals that hunt and eat other animals
presence,the state of being in a particular place
prey,an animal that is hunted and eaten by another animal
principal,the head of a school, or the most important thing
principle,a basic rule or belief that guides behaviour
professor,a senior teacher, usually at a university
pumpkin,a large, round orange vegetable often used in soups or carved for Halloween
punctual,arriving or happening at the exact expected time
pure,not mixed with anything else, clean or unpolluted
pursuit,the act of chasing or trying to achieve something
quaint,attractively old-fashioned or unusual
quay,a paved area beside water where boats load and unload
quench,to satisfy thirst or put out a fire
query,a question, especially one asking for information or clarification
queue,a line of people or vehicles waiting for their turn
radial,arranged like the spokes of a wheel, spreading out from a central point
ravine,a deep, narrow valley with steep sides, often carved by a stream
razor,a sharp-bladed tool used for shaving hair from the skin
realistic,close to how things actually are in real life
receive,to get or be given something
recent,happening or made a short time ago
recognise,to know someone or something because you have seen it before
recommend,to suggest that something is good or suitable
rectangular,shaped like a rectangle, with four straight sides and right angles
relationships,the connections or bonds between people
relevant,closely connected to the matter at hand
reliving,experiencing something again in your memory or imagination
reluctant,unwilling or hesitant to do something
remnant,a small leftover piece of something larger
remorse,a deep feeling of guilt for something wrong you did
replenish,to fill something up again after it has been used
require,to need something in order for it to work or happen
resources,materials, money, or supplies available for use
responsible,having a duty to take care of something or someone
rhyme,words that end with the same sound
ridiculous,so silly or unreasonable that it seems funny
rogue,behaving in a way that is different from what is normal or expected, often dishonestly
saxophone,a curved brass musical instrument played by blowing through a reed
scientific,relating to science or based on careful testing and evidence
seize,to grab or take hold of something quickly and firmly
sewage,waste water and human waste carried away in drains
sewerage,the system of pipes and drains that carries away waste water
shoulder,the part of your body where your arm joins your torso
shrieked,made a loud, high-pitched cry of fear or excitement
signal,a sign or gesture that gives information or instructions
skeleton,the framework of bones that supports a body
slaughter,the killing of animals, especially for food
society,a large community of people living together with shared customs and laws
sought,the past tense of seek, meaning tried to find or obtain
spectacular,extremely impressive or eye-catching
stammered,spoke with sudden pauses or repeated sounds, often from nervousness
stomach,the organ in your body where food is digested
submarine,a ship that can travel underwater
subsided,became less intense or settled down
success,the achievement of a goal or desired result
suitable,right or appropriate for a particular purpose
summoned,called someone to come or ordered them to appear
supervision,the act of watching over and directing an activity
surrounded,was on every side of something or someone
survive,to continue living or existing despite difficulty
system,a set of parts that work together as a whole
taffeta,a stiff, shiny fabric often used for formal dresses
talons,the sharp claws of a bird of prey
tarantula,a large, hairy spider found in warm climates
taught,the past tense of teach, meaning showed someone how to do something
technique,a particular way of doing something skilfully
temperature,how hot or cold something is
tension,a feeling of strain or nervousness, or tightness in something
tentacles,long, flexible limbs used by some sea creatures to grip or feel
terrace,a flat, raised area outside a house, or a row of joined houses
terrible,very bad or unpleasant
terribly,in a very bad way, or to a great extent
territory,an area of land belonging to or controlled by someone
uncomfortable,not physically or mentally at ease
unexpectedly,in a way that was not predicted or planned
unfortunately,unluckily, or in a way that causes regret
unique,being the only one of its kind
unnatural,not normal or not occurring naturally
upholsterer,a person who fits fabric, padding, and springs to furniture
urban,relating to a city or densely populated area
urgency,the need for something to be dealt with quickly
useless,not able to do anything helpful or effective
valuable,worth a lot of money or very useful
vegetation,plants growing in a particular area
verdant,covered with lush, green plants
vessel,a ship or boat, or a container for holding liquid
wary,cautious because of possible danger or trouble
wearisome,tiring and causing you to lose interest
weary,very tired, especially after a lot of effort
weighed,measured how heavy something was
weight,how heavy something is
weird,strange or unusual
wholly,completely or entirely
witchery,magic or bewitching power, often used in a playful sense
women,adult female humans, more than one
wonderful,extremely good or pleasing
wrapped,covered something by folding paper or material around it
wrinkle,a small fold or crease, often in skin or fabric
written,put into words on paper, in the past participle form of write
zephyr,a soft, gentle breeze
